{
    "train_loss": [
        0.4150592875858284,
        0.12545982445909143,
        0.08647633297049938,
        0.06677072174840747,
        0.060157036980492865,
        0.048360865681164274,
        0.035783503628782416,
        0.03580952426482451,
        0.040686168895288026,
        0.031419967442323546,
        0.025386869780996763,
        0.01666297980529186,
        0.013650942485769955,
        0.022366505210911408,
        0.011634379530633315,
        0.024697619736711304,
        0.02379851922508862,
        0.018271890136095127,
        0.008633459835324823,
        0.0071168861855044705
    ],
    "val_loss": [
        0.12499025358167822,
        0.10764507994004717,
        0.0969004150645884,
        0.0876168000275805,
        0.09300091127507797,
        0.08417991191238063,
        0.08140828209603843,
        0.07805332713218227,
        0.09222533139687236,
        0.09357707308005694,
        0.10018407594219603,
        0.1038252114831017,
        0.11232702221046839,
        0.08736313226407917,
        0.10723195697678482,
        0.08292387157905055,
        0.09203233560810363,
        0.09359893959800215,
        0.09785331351234425,
        0.09689988715598864
    ],
    "train_acc": [
        92.14423696072119,
        96.8877441511054,
        97.96093582313802,
        98.04679115690062,
        98.30435715818845,
        98.58338699291693,
        98.94827216140803,
        98.90534449452672,
        99.05559132861129,
        99.1414466623739,
        99.37754883022107,
        99.44194033054303,
        99.57072333118695,
        99.35608499678042,
        99.69950633183086,
        99.37754883022107,
        99.31315732989913,
        99.54925949774629,
        99.80682549903413,
        99.80682549903413
    ],
    "val_acc": [
        96.39484978540773,
        97.16738197424893,
        96.7381974248927,
        96.99570815450643,
        96.7381974248927,
        97.08154506437768,
        97.16738197424893,
        97.59656652360515,
        97.16738197424893,
        97.42489270386267,
        97.25321888412017,
        97.25321888412017,
        96.99570815450643,
        97.85407725321889,
        97.25321888412017,
        97.42489270386267,
        97.93991416309012,
        97.08154506437768,
        97.25321888412017,
        97.42489270386267
    ]
}